session id, brick height, paddle speed, ball speed, time, type of personality, amount of bricks,win/lose, playerAPM, playerReactionTime, playerPaddleSafety, GEQ - content, GEQ- skillful, GEQ - occupied, GEQ - difficulty, satisfaction
1,4.5,25,10,9.360461,1,21,0,353.1541,0.006515123,1.010542,0,0,0,0,0
2,4.5,25,10,6.510102,1,24,0,211.7062,0.03987501,1.252906,0,0,0,19.04732,0
3,4.5,25,10,25.28536,1,13,0,378.7288,0.007574579,1.256576,0,0,0,0,0
4,4.5,25,10,5.205806,1,24,0,165.5238,0.03556518,1.219301,0,0,0,13.15838,0
