session id;brick height;paddle speed;ball speed;time; paddle distance; ballHits; amount of bricks;win/lose;type of personality;playerAPM;playerReactionTime;playerPaddleSafety;GEQ - content;GEQ - skillful;GEQ - occupied;GEQ - difficulty;satisfaction
1;4.5;25;10;2.277205;252.5;5;24;0;1;187.3143;0.03070724;1.220689;0;0;4;3;6.5
2;4.5;25;10;3.057592;38;1;23;0;2;448.7255;0.008670716;1.160943;1;1;2;2;5.75
3;4.5;25;10;29.52007;459.5;10;17;0;2;480.9234;0.007352762;1.097546;1;0;4;3;6.5
4;4.5;25;10;33.63965;517.5;15;7;0;2;386.5513;0.00922653;1.048784;3;1;4;4;10.75
5;4.5;25;10;1.400048;56.5;0;26;0;5;407.0663;0.006243473;1.028776;1;1;2;1;4.5
6;4.5;25;10;28.60037;523;11;14;0;1;161.4135;0.03673917;1.064265;1;1;5;4;10.5
7;4.5;25;10;9.19991;157;2;24;0;2;441.3479;0.006408574;1.293463;1;1;2;1;4.5
8;4.5;25;10;60.12033;852;29;0;1;2;465.1481;0.006686653;1.238141;4;2;5;5;14.75
9;4.5;25;10;12.83944;201;9;21;0;2;476.0457;0.008841159;1.221456;0;0;4;2;4.5
