session id;brick height;paddle speed;ball speed; paddle length; ball size; time; paddle distance; ballHits; ballBounces; amount of bricks;win/lose;type of personality;playerAPM;playerReactionTime;playerPaddleSafety;GEQ - content;GEQ - skillful;GEQ - occupied;GEQ - difficulty;satisfaction
1;3;25;7;20;4;3.159998;52.5;1;5;25;0;1;172.5737;0.03319016;1.161863;1;1;2;3;6.25
2;3;25;7;20;4;58.58115;658.5;23;55;0;1;2;381.1301;0.009313229;1.222932;4;2;5;5;14.75
3;3;25;7;20;4;77.85895;979;23;113;0;1;2;398.3036;0.008355938;1.161986;4;2;4;5;14.25
4;2.592338;34.08677;2.405786;10;4.0128;4.379997;48.40324;1;115;26;0;2;398.3036;0.008355938;1.161986;1;1;2;1;4.5
