session id;brick height;paddle speed;ball speed;time;type of personality;amount of bricks;win/lose;playerAPM;playerReactionTime;playerPaddleSafety;GEQ - content;GEQ - skillful;GEQ - occupied;GEQ - difficulty;satisfaction
1;4.5;25;10;1.405361;1;26;0;172.5737;0.03319016;1.161863;0;0;0;6.404048;0
2;4.5;25;10;11.97464;1;20;0;358.5616;0.009313229;1.222932;0;0;0;0;0
3;4.5;25;10;1.403244;1;26;0;171.772;0.03671188;1.161986;0;0;0;132.1937;0
4;4.5;25;10;78.22086;1;0;1;353.8897;0.005813808;1.036749;0;0;0;0;0
5;4.5;25;10;2.608642;1;25;0;228.6918;0.03923947;1.205329;0;0;0;638.0714;0
6;4.5;25;10;43.90765;1;7;0;425.605;0.008194502;1.175202;0;0;0;0;0
7;4.5;25;10;1.401724;1;25;0;153.4461;0.0329009;1.259888;0;0;0;1588.402;0
