session id;brick height;paddle speed;ball speed; paddle length; ball size; time; paddle distance; ballHits; ballBounces; amount of bricks;win/lose;type of personality;playerAPM;playerReactionTime;playerPaddleSafety;GEQ - content;GEQ - skillful;GEQ - occupied;GEQ - difficulty;satisfaction
1;1.145272;15;10.88802;30;5.62256;9.120019;158.3387;6;745;14;0;5;487.7932;0.0093663;1.21188;2;2;3;3;9.75
2;1.606353;31.15383;2;17.9179;2;4.119997;236.6309;0;747;26;0;5;487.7932;0.0093663;1.21188;1;1;2;1;4.5
3;5;31.25267;3.471085;16.95358;6;4.039997;245.0145;0;749;26;0;5;487.7932;0.0093663;1.21188;1;1;2;1;4.5
4;4.593389;32.55661;5.937384;29.72335;3.30957;10.20004;595.0789;1;756;24;0;5;487.7932;0.0093663;1.21188;1;1;2;1;4.5
